{
  "$schema": "https://ui.shadcn.com/schema.json",
  "style": "new-york",
  "rsc": false,
  "tsx": true,
  "tailwind": {
    "config": "",
    "css": "src/renderer/src/styles/globals.css",
    "baseColor": "neutral",
    "cssVariables": true,
    "prefix": ""
  },
  "aliases": {
    "components": "src/renderer/src/components",
    "utils": "src/renderer/src/lib/utils",
    "ui": "src/renderer/src/components/ui",
    "lib": "src/renderer/src/lib",
    "hooks": "src/renderer/src/hooks"
  },
  "iconLibrary": "lucide"
}
